{"vendorId":"0xe622","productId":"0x0533","status_pin":13,"led_num":[],"key_matrix":[],"keyboard_language":0,"keyboard_name":"AZPOCKET2","keyboard_type":"azpocket2","keyboard_pin":{"direct":[0,1,3,6,7,8,9,10],"touch":[],"col":[],"row":[]},"default_layer":0,"layers":{"layer_0":{"name":"レイヤー0","keys":{"key_0":{"press":{"action_type":1,"key":[11]}},"key_1":{"press":{"action_type":1,"key":[10]}},"key_2":{"press":{"action_type":1,"key":[4]}},"key_3":{"press":{"action_type":1,"key":[7]}},"key_5":{"press":{"action_type":1,"key":[8]}},"key_4":{"press":{"action_type":1,"key":[5]}},"key_7":{"press":{"action_type":1,"key":[9]}},"key_6":{"press":{"action_type":1,"key":[6]}}}}},"power_pin":2}