{"ap":{"pass":""},"wifi":[],"vendorId":"0xe502","productId":"0x0300","status_pin":-1,"rgb_pin":-1,"rgb_len":0,"status_rgb_pin":27,"matrix_row":0,"matrix_col":0,"led_num":[],"key_matrix":[],"keyboard_language":0,"keyboard_name":"AZ-CoreBlack","keyboard_type":"az_core_b","keyboard_pin":{"row":[],"col":[],"direct":[21,19,22,25,32],"touch":[]},"i2c_set":[18,26,400000],"default_layer":0,"layers":{"layer_0":{"name":"レイヤー0","keys":{"key_0":{"press":{"action_type":1,"key":[79]}},"key_1":{"press":{"action_type":1,"key":[81]}},"key_2":{"press":{"action_type":1,"key":[40]}},"key_3":{"press":{"action_type":1,"key":[82]}},"key_4":{"press":{"action_type":1,"key":[80]}},"key_128":{"press":{"action_type":1,"key":[4]}},"key_129":{"press":{"action_type":1,"key":[5]}}}}},"i2c_option":[{"id":"111339","type":2,"enable":1,"rotary":[69],"map_start":128,"map":[1,0]}],"layout":{"position":{"o_111339":{"top":220,"left":584},"o_0":{"top":239,"left":433}}}}