{"ap":{"pass":""},"wifi":[],"vendorId":"0xe502","productId":"0x0200","status_pin":-1,"rgb_pin":-1,"rgb_len":0,"status_rgb_pin":27,"matrix_row":0,"matrix_col":0,"led_num":[],"key_matrix":[],"keyboard_language":0,"keyboard_name":"AZ-Core","keyboard_type":"az_core","keyboard_pin":{"direct":[],"touch":[],"col":[13,12,14,25,33,32,21,19,5,4,2,15],"row":[35,34,39,36]},"i2c_set":[18,26,400000],"default_layer":0,"layers":{"layer_0":{"name":"レイヤー0","keys":{"key_0":{"press":{"action_type":1,"key":[41]}},"key_1":{"press":{"action_type":1,"key":[43]}},"key_2":{"press":{"action_type":1,"key":[225]}},"key_3":{"press":{"action_type":1,"key":[224]}},"key_4":{"press":{"action_type":1,"key":[20]}},"key_8":{"press":{"action_type":1,"key":[26]}},"key_12":{"press":{"action_type":1,"key":[8]}},"key_16":{"press":{"action_type":1,"key":[21]}},"key_20":{"press":{"action_type":1,"key":[23]}},"key_24":{"press":{"action_type":1,"key":[28]}},"key_28":{"press":{"action_type":1,"key":[24]}},"key_32":{"press":{"action_type":1,"key":[12]}},"key_36":{"press":{"action_type":1,"key":[18]}},"key_40":{"press":{"action_type":1,"key":[19]}},"key_44":{"press":{"action_type":1,"key":[42]}},"key_27":{"press":{"action_type":1,"key":[44]}},"key_42":{"press":{"action_type":1,"key":[82]}},"key_43":{"press":{"action_type":1,"key":[81]}},"key_39":{"press":{"action_type":1,"key":[80]}},"key_47":{"press":{"action_type":1,"key":[79]}},"key_5":{"press":{"action_type":1,"key":[4]}},"key_9":{"press":{"action_type":1,"key":[22]}},"key_13":{"press":{"action_type":1,"key":[7]}},"key_17":{"press":{"action_type":1,"key":[9]}},"key_21":{"press":{"action_type":1,"key":[10]}},"key_25":{"press":{"action_type":1,"key":[11]}},"key_29":{"press":{"action_type":1,"key":[13]}},"key_33":{"press":{"action_type":1,"key":[14]}},"key_37":{"press":{"action_type":1,"key":[15]}},"key_45":{"press":{"action_type":1,"key":[51]}},"key_41":{"press":{"action_type":1,"key":[52]}},"key_46":{"press":{"action_type":1,"key":[40]}},"key_6":{"press":{"action_type":1,"key":[29]}},"key_10":{"press":{"action_type":1,"key":[27]}},"key_14":{"press":{"action_type":1,"key":[6]}},"key_18":{"press":{"action_type":1,"key":[25]}},"key_22":{"press":{"action_type":1,"key":[5]}},"key_26":{"press":{"action_type":1,"key":[17]}},"key_30":{"press":{"action_type":1,"key":[16]}},"key_34":{"press":{"action_type":1,"key":[54]}},"key_38":{"press":{"action_type":1,"key":[55]}},"key_35":{"press":{"action_type":1,"key":[56]}},"key_7":{"press":{"action_type":1,"key":[226]}},"key_11":{"press":{"action_type":1,"key":[227]}},"key_23":{"press":{"action_type":"1","key":[44],"hold":65}},"key_19":{"press":{"action_type":1,"key":[16385]}},"key_31":{"press":{"action_type":1,"key":[16386]}},"key_15":{"press":{"action_type":1,"key":[53]}},"key_128":{"press":{"action_type":1,"key":[16385]}}}},"layer_1":{"name":"レイヤー1","keys":{"key_4":{"press":{"action_type":1,"key":[30]}},"key_8":{"press":{"action_type":1,"key":[31]}},"key_12":{"press":{"action_type":1,"key":[32]}},"key_16":{"press":{"action_type":1,"key":[33]}},"key_20":{"press":{"action_type":1,"key":[34]}},"key_24":{"press":{"action_type":1,"key":[35]}},"key_28":{"press":{"action_type":1,"key":[36]}},"key_32":{"press":{"action_type":1,"key":[37]}},"key_36":{"press":{"action_type":1,"key":[38]}},"key_40":{"press":{"action_type":1,"key":[39]}}}}},"layout":{"position":{"o_0":{"top":245,"left":485},"o_467762":{"top":162,"left":486}}},"i2c_option":[{"id":"467762","type":3,"enable":1,"addr":10,"rotate":1,"map_start":128,"speed":200,"map":[7]}]}