{"vendorId":"0xe622","productId":"0x0533","status_pin":13,"led_num":[],"key_matrix":[],"keyboard_language":0,"keyboard_name":"AZPOCKET","keyboard_type":"azpocket","keyboard_pin":{"direct":[2,3,7,8,9,10],"touch":[],"col":[],"row":[]},"default_layer":0,"layers":{"layer_0":{"name":"レイヤー0","keys":{"key_0":{"press":{"action_type":1,"key":[4]}},"key_1":{"press":{"action_type":1,"key":[5]}},"key_2":{"press":{"action_type":1,"key":[6]}},"key_3":{"press":{"action_type":1,"key":[7]}},"key_4":{"press":{"action_type":1,"key":[8]}},"key_5":{"press":{"action_type":1,"key":[9]}}}}},"i2c_set":[4,5,100000],"power_pin":6}